{"mean":{"confidence_interval":{"confidence_level":0.95,"lower_bound":3331.6110315208616,"upper_bound":3361.0562726585526},"point_estimate":3344.3793523718987,"standard_error":7.571970478856957},"median":{"confidence_interval":{"confidence_level":0.95,"lower_bound":3324.457267815796,"upper_bound":3326.620483365212},"point_estimate":3325.1853100710323,"standard_error":0.49421635966941757},"median_abs_dev":{"confidence_interval":{"confidence_level":0.95,"lower_bound":3.9420024562941776,"upper_bound":7.8997267461307015},"point_estimate":5.828700492866104,"standard_error":1.082653243514183},"slope":{"confidence_interval":{"confidence_level":0.95,"lower_bound":3327.0759270165354,"upper_bound":3335.1393095741932},"point_estimate":3330.6149252248642,"standard_error":2.0731264578760094},"std_dev":{"confidence_interval":{"confidence_level":0.95,"lower_bound":31.152337346050274,"upper_bound":115.18880672849718},"point_estimate":76.24198200273968,"standard_error":22.644161897828987}}